Name,Emails,Jobs
James J. Gober,James.Gober@test.test,Front End Web Developer
Kristi R. Eason,Kristi.Eason@test.test,Front End Web Developer
Bernard C. Martinez,Bernard.Martinez@test.test,Front End Web Developer
Tiffany T. Urbano,Tiffany.Urbano@test.test,Front End Web Developer
Leigha D. Cate,Leigha.Cate@test.test,Front End Web Developer
Shirley N. Rubin,ShirleyNRubin@rhyta.com,Front End Web Developer
Benjamin A. Geil,BenjaminAGeil@armyspy.com,Front End Web Developer
Mildred J. Shearer,MildredJShearer@jourrapide.com,Front End Web Developer
James J. Raven,JamesJRaven@teleworm.us,Front End Web Developer
Louise S. Pitts,LouiseSPitts@dayrep.com,Front End Web Developer
Paul N. Yoder,PaulNYoder@dayrep.com,Front End Web Developer
Estelle M. Blum,EstelleMBlum@teleworm.us,Front End Web Developer
Pamela J. Williams,PamelaJWilliams@dayrep.com,Front End Web Developer
June M. Bryce,JuneMBryce@jourrapide.com,Front End Web Developer
Edd Manhare,emanhare0@adobe.com,Full Stack Developer 
Marijo Goodsall,mgoodsall1@toplist.cz,Full Stack Developer 
Allie Yexley,ayexley2@webeden.co.uk,Full Stack Developer 
Theressa Etienne,tetienne3@1und1.de,Full Stack Developer 
Dylan Dunkerton,ddunkerton4@pbs.org,Full Stack Developer 
Philipa Hadcroft,phadcroft5@wp.com,Full Stack Developer 
Debby Drohun,ddrohun6@behance.net,Full Stack Developer 
Hewett Boleyn,hboleyn7@mozilla.com,Full Stack Developer 
Omar Perri,operri8@meetup.com,Full Stack Developer 
Davina Carlton,dcarlton9@theguardian.com,Full Stack Developer 
Derry Corde,dcordea@adobe.com,Full Stack Developer 
Brandy Dyett,bdyettb@toplist.cz,Full Stack Developer 
Blancha Cornhill,bcornhillc@zdnet.com,Full Stack Developer 
Ermanno Doiley,edoileyd@edublogs.org,Full Stack Developer 
Alley Wellen,awellene@princeton.edu,Full Stack Developer 
Kim Rickert,krickertf@hostgator.com,Full Stack Developer 
Cleveland Chitty,cchittyg@yelp.com,Full Stack Developer 
Nigel Udie,nudieh@si.edu,Full Stack Developer 
York Kuhnert,ykuhnerti@dagondesign.com,Full Stack Developer 
Gregoor Krysiak,gkrysiakj@hostgator.com,Full Stack Developer 
Gene Bosenworth,gbosenworth0@clickbank.net,Data Engineer
Kanya Sywell,ksywell1@sciencedaily.com,Data Engineer
Colline Whacket,cwhacket2@timesonline.co.uk,Data Engineer
Alphonse Swyndley,aswyndley3@i2i.jp,Data Engineer
Edgar Lace,elace4@geocities.jp,Data Engineer
Payton Zamorrano,pzamorrano5@qq.com,Data Engineer
Avery Tessier,atessier6@unesco.org,Data Engineer
Rina Burwell,rburwell7@amazonaws.com,Data Engineer
Ronnie Huzzay,rhuzzay8@amazon.com,Data Engineer
Lorne Reveley,lreveley9@vk.com,Data Engineer
Oliy Mattiazzo,omattiazzoa@cnbc.com,Data Engineer
Tris Cavanagh,tcavanaghb@g.co,Data Engineer
Averil Wabb,awabbc@csmonitor.com,Data Engineer
Mitchael Durn,mdurnd@reddit.com,Data Engineer
Shamus Woodruff,swoodruffe@slideshare.net,Data Engineer
Lorraine Hockell,lhockellf@yahoo.com,Data Engineer
Jori Layland,jlaylandg@creativecommons.org,Data Engineer
Chaddie Kaines,ckainesh@reverbnation.com,Data Engineer
Dulcy Crowdy,dcrowdyi@blogs.com,Data Engineer
Valli Spiby,vspibyj@csmonitor.com,Data Engineer
Anne-marie Ward,award0@acquirethisname.com,Go Developer
Shawnee Phalp,sphalp1@foxnews.com,Go Developer
Amandy Rouke,arouke2@ucoz.ru,Go Developer
Cullen Priestland,cpriestland3@mapy.cz,Go Developer
Silvan Riddiough,sriddiough4@oakley.com,Go Developer
Ollie Antill,oantill5@scribd.com,Go Developer
Mendy Echallie,mechallie6@wikia.com,Go Developer
Charmane Eacle,ceacle7@csmonitor.com,Go Developer
Morrie Malthouse,mmalthouse8@go.com,Go Developer
Livvy McPike,lmcpike9@istockphoto.com,Go Developer
Rozele Housden,rhousdena@gmpg.org,Go Developer
Jelene Cullon,jcullonb@goo.gl,Go Developer
Elston Gunston,egunstonc@blog.com,Go Developer
Pippy Kilfeder,pkilfederd@slate.com,Go Developer
Keefe Masseo,kmasseoe@nsw.gov.au,Go Developer
Nessie Bleasby,nbleasby0@de.vu,Software Engineer
Elisabeth Owttrim,eowttrim1@networksolutions.com,Software Engineer
Millie Baynom,mbaynom2@wunderground.com,Software Engineer
Frederica Tarling,ftarling3@woothemes.com,Software Engineer
Hermia McKinlay,hmckinlay4@sphinn.com,Software Engineer
Kimmy Chooter,kchooter5@ehow.com,Software Engineer
Cariotta Scandroot,cscandroot6@umich.edu,Software Engineer
Davina Feaveryear,dfeaveryear7@earthlink.net,Software Engineer
Rik MacCague,rmaccague8@comcast.net,Software Engineer
Simonette MacKibbon,smackibbon9@businessweek.com,Software Engineer
Amerigo Overel,aoverela@yellowbook.com,Software Engineer
Yovonnda O'Downe,yodowneb@pagesperso-orange.fr,Software Engineer
Nathanael Misk,nmiskc@livejournal.com,Software Engineer
Kassi Newson,knewsond@meetup.com,Software Engineer
Oona Cicerone,ociceronee@networksolutions.com,Software Engineer
Conney Cromly,ccromlyf@flickr.com,Software Engineer
Lucie Wilfing,lwilfingg@marriott.com,Software Engineer
Brigida Chrstine,bchrstineh@squidoo.com,Software Engineer
Fin Hamp,fhampi@quantcast.com,Software Engineer
Danica Cornner,dcornnerj@hao123.com,Software Engineer
Mathias Varian,mvariank@addtoany.com,Software Engineer
Aldin Luchelli,aluchellil@wix.com,Software Engineer
Nicola Paudin,npaudinm@dailymail.co.uk,Software Engineer
Leeanne Goodisson,lgoodissonn@google.fr,Software Engineer
Cletus Hiom,chiomo@t-online.de,Software Engineer
Leia Brand-Hardy,lbrandhardyp@bbc.co.uk,Software Engineer
Binni Sammonds,bsammondsq@abc.net.au,Software Engineer
Cyrill Lang,clangr@plala.or.jp,Software Engineer
Barclay Grinishin,bgrinishins@meetup.com,Software Engineer
Gustav Croxley,gcroxleyt@wordpress.com,Software Engineer